Model,Sampler,Accuracy,Specificity,Sensitivity,F1,TCS,ACM,AUC
LightGBM,ADASYN,0.9979752583593741,0.9983117416026731,0.8040540540540541,0.5790754257907542,10726.57,49.62612716763006,0.9530208750869399
LightGBM,Borderline-SMOTE,0.9993914071369217,0.9997420716337417,0.7972972972972973,0.8194444444444444,12121.35,138.27961538461537,0.9602647330488939
LightGBM,Cost-sensitive ADASYN,0.9988764439450862,0.9992262149012252,0.7972972972972973,0.7108433734939759,12565.4,70.2759375,0.9656730298502969
LightGBM,Cost-sensitive Borderline-SMOTE,0.9992509626300574,0.9996834515505012,0.75,0.7762237762237763,11614.25,120.27562499999999,0.9575874983958694
LightGBM,Cost-sensitive SMOTE,0.9988764439450862,0.9992262149012252,0.7972972972972973,0.7108433734939759,12565.4,70.2759375,0.9656730298502969
LightGBM,Cost-sensitive SMOTE-ENN,0.9989583699074237,0.9992496629345213,0.831081081081081,0.7343283582089553,12791.489999999998,73.2629213483146,0.9726607814215529
LightGBM,Cost-sensitive SMOTE-Tomek,0.9990754069964772,0.9994020751509467,0.8108108108108109,0.7523510971786834,12597.22,84.99582278481013,0.959706376756028
LightGBM,SMOTE,0.9984551104244935,0.9987455302186529,0.831081081081081,0.6507936507936508,12761.69,49.62272727272727,0.9635964926178304
LightGBM,SMOTE-ENN,0.9981274065751436,0.9985227739023389,0.7702702702702703,0.5876288659793815,12088.339999999998,45.14718750000001,0.912768721591044
LightGBM,SMOTE-Tomek,0.9984551104244935,0.9987455302186529,0.831081081081081,0.6507936507936508,12761.69,49.62272727272727,0.9635964926178304
Logistic Regression,ADASYN,0.9301054504172372,0.9301483088105984,0.9054054054054054,0.0429487179487179,15766.77,0.5936235766912257,0.9673075003604342
Logistic Regression,Borderline-SMOTE,0.9930128857835048,0.9932938624772848,0.831081081081081,0.2918149466192171,12692.5,11.087755443886095,0.9379998748382008
Logistic Regression,Cost-sensitive ADASYN,0.9808293248130332,0.9810188170467202,0.8716216216216216,0.1360759493670886,14692.73,2.82,0.9710338364626424
Logistic Regression,Cost-sensitive Borderline-SMOTE,0.9967580726332176,0.9970338237880296,0.8378378378378378,0.4723809523809524,12789.7,23.545812274368235,0.9363376786130172
Logistic Regression,Cost-sensitive SMOTE,0.9808293248130332,0.9810188170467202,0.8716216216216216,0.1360759493670886,14692.73,2.82,0.9710338364626424
Logistic Regression,Cost-sensitive SMOTE-ENN,0.9807942136863171,0.9809836449967759,0.8716216216216216,0.1358609794628752,14692.73,2.8148446069469832,0.9705748174459705
Logistic Regression,Cost-sensitive SMOTE-Tomek,0.9808410285219386,0.9810305410633683,0.8716216216216216,0.13614775725593667,14692.73,2.8217226634086745,0.9710027836617907
Logistic Regression,SMOTE,0.9777278419531148,0.9779002286183246,0.8783783783783784,0.1202034211742949,14650.48,2.449506043089858,0.967180437369194
Logistic Regression,SMOTE-ENN,0.9777278419531149,0.9779002286183246,0.8783783783783784,0.12020342117429496,14650.48,2.449506043089858,0.967180437369194
Logistic Regression,SMOTE-Tomek,0.9777278419531149,0.9779002286183246,0.8783783783783784,0.12020342117429496,14650.48,2.449506043089858,0.967180437369194
XGBoost,ADASYN,0.9954472572358181,0.9957441819567384,0.8243243243243243,0.3854660347551343,11103.67,21.100822622107966,0.9744961445412821
XGBoost,Borderline-SMOTE,0.9992392589211521,0.9995896594173164,0.7972972972972973,0.7840531561461794,12194.15,109.5036923076923,0.9687981536258106
XGBoost,Cost-sensitive ADASYN,0.9983497770443454,0.9986869101354124,0.8040540540540541,0.6279683377308707,12891.31,45.53602836879433,0.9722887023256329
XGBoost,Cost-sensitive Borderline-SMOTE,0.9992626663389628,0.9996248314672607,0.7905405405405406,0.7878787878787878,12191.18,113.02714285714285,0.9631996980273551
XGBoost,Cost-sensitive SMOTE,0.9983497770443454,0.9986869101354124,0.8040540540540541,0.6279683377308707,12891.31,45.53602836879433,0.9722887023256329
XGBoost,SMOTE,0.9973549617873905,0.997631748637083,0.8378378378378378,0.5232067510548524,13343.36,26.40942477876106,0.9744284145802405
