Model,Sampler,Paper_Acc,Our_Acc,Paper_Sens,Our_Sens,Paper_Spec,Our_Spec,Paper_F1,Our_F1,Paper_TCS,Our_TCS,Paper_ACM,Our_ACM,TCS_Diff
LightGBM,ADASYN,0.998,0.998,0.784,0.804,0.9989,0.9983,0.643,0.579,10958.55,10726.57,65.51,49.63,-231.98
LightGBM,Borderline-SMOTE,0.999,0.999,0.797,0.797,0.9997,0.9997,0.808,0.819,10821.09,12121.35,152.09,138.28,1300.26
LightGBM,Cost-sensitive ADASYN,0.999,0.999,0.777,0.797,0.9999,0.9992,0.836,0.711,12321.95,12565.4,155.6,70.28,243.45
LightGBM,Cost-sensitive Borderline-SMOTE,0.999,0.999,0.777,0.75,0.9998,0.9997,0.816,0.776,12235.49,11614.25,136.45,120.28,-621.24
LightGBM,Cost-sensitive SMOTE,0.999,0.999,0.77,0.797,0.9998,0.9992,0.823,0.711,12233.49,12565.4,144.76,70.28,331.91
LightGBM,Cost-sensitive SMOTE-ENN,0.999,0.999,0.797,0.831,0.9998,0.9992,0.822,0.734,12735.85,12791.49,49.13,73.26,55.64
LightGBM,Cost-sensitive SMOTE-Tomek,0.999,0.999,0.77,0.811,0.9998,0.9994,0.823,0.752,12233.49,12597.22,144.76,85.0,363.73
LightGBM,SMOTE,0.999,0.998,0.811,0.831,0.9992,0.9987,0.714,0.651,12252.59,12761.69,74.24,49.62,509.1
LightGBM,SMOTE-ENN,0.999,0.998,0.804,0.77,0.9991,0.9985,0.688,0.588,11255.63,12088.34,75.33,45.15,832.71
LightGBM,SMOTE-Tomek,0.999,0.998,0.818,0.831,0.9993,0.9987,0.736,0.651,12487.61,12761.69,135.24,49.62,274.08
Logistic Regression,ADASYN,0.957,0.93,0.865,0.905,0.9572,0.9301,0.065,0.043,14392.03,15766.77,11.32,0.59,1374.74
Logistic Regression,Borderline-SMOTE,0.994,0.993,0.831,0.831,0.994,0.9933,0.315,0.292,12593.51,12692.5,13.51,11.09,98.99
Logistic Regression,Cost-sensitive ADASYN,0.986,0.981,0.865,0.872,0.9866,0.981,0.181,0.136,15431.77,14692.73,1.34,2.82,-739.04
Logistic Regression,Cost-sensitive Borderline-SMOTE,0.986,0.997,0.865,0.838,0.9867,0.997,0.181,0.472,15431.77,12789.7,14.8,23.55,-2642.07
Logistic Regression,Cost-sensitive SMOTE,0.986,0.981,0.865,0.872,0.9866,0.981,0.181,0.136,15431.77,14692.73,9.33,2.82,-739.04
Logistic Regression,Cost-sensitive SMOTE-ENN,0.986,0.981,0.865,0.872,0.9866,0.981,0.18,0.136,15431.77,14692.73,4.42,2.81,-739.04
Logistic Regression,Cost-sensitive SMOTE-Tomek,0.986,0.981,0.865,0.872,0.9866,0.981,0.181,0.136,15431.77,14692.73,5.33,2.82,-739.04
Logistic Regression,SMOTE,0.983,0.978,0.858,0.878,0.9828,0.9779,0.145,0.12,13740.5,14650.48,8.72,2.45,909.98
Logistic Regression,SMOTE-ENN,0.982,0.978,0.858,0.878,0.9821,0.9779,0.141,0.12,13740.5,14650.48,14.59,2.45,909.98
Logistic Regression,SMOTE-Tomek,0.983,0.978,0.858,0.878,0.9828,0.9779,0.146,0.12,13740.5,14650.48,8.73,2.45,909.98
MLP,ADASYN,0.999,0.999,0.818,0.777,0.9989,0.9994,0.661,0.737,12755.2,12243.33,53.66,86.2,-511.87
MLP,Borderline-SMOTE,0.999,0.999,0.811,0.743,0.9994,0.9993,0.757,0.698,12781.8,11218.71,85.44,85.19,-1563.09
MLP,Cost-sensitive ADASYN,0.998,0.999,0.838,0.75,0.9982,0.9994,0.582,0.709,14057.91,11894.53,30.38,81.51,-2163.38
MLP,Cost-sensitive Borderline-SMOTE,0.998,0.999,0.804,0.777,0.9987,0.9997,0.631,0.793,13691.95,12402.54,41.22,115.16,-1289.41
MLP,Cost-sensitive SMOTE,0.998,0.999,0.804,0.75,0.9983,0.9994,0.575,0.709,12982.9,11894.53,36.8,81.51,-1088.37
MLP,Cost-sensitive SMOTE-ENN,0.998,0.999,0.818,0.791,0.9981,0.9994,0.558,0.738,15114.6,10844.44,22.72,102.02,-4270.16
MLP,Cost-sensitive SMOTE-Tomek,0.998,0.999,0.804,0.784,0.9983,0.9995,0.575,0.763,15921.86,12525.23,9.72,94.26,-3396.63
MLP,SMOTE,0.999,0.999,0.818,0.75,0.9989,0.9995,0.663,0.74,13555.58,10555.58,47.58,112.26,-3000.0
MLP,SMOTE-ENN,0.997,0.999,0.811,0.77,0.9975,0.9995,0.496,0.748,13298.21,10692.55,25.53,111.94,-2605.66
MLP,SMOTE-Tomek,0.995,0.999,0.845,0.75,0.9957,0.9995,0.393,0.74,12982.9,10555.58,36.8,112.26,-2427.32
Random Forest,ADASYN,0.999,0.999,0.784,0.743,0.9998,0.9998,0.82,0.794,12329.56,9940.71,137.28,164.41,-2388.85
Random Forest,Borderline-SMOTE,0.999,0.999,0.777,0.743,0.9998,0.9999,0.833,0.83,10501.84,9883.61,191.81,209.52,-618.23
Random Forest,Cost-sensitive ADASYN,0.999,0.999,0.736,0.77,0.9999,0.9999,0.838,0.832,11597.06,12013.26,183.76,158.67,416.2
Random Forest,Cost-sensitive Borderline-SMOTE,0.999,0.999,0.743,0.757,0.9999,0.9999,0.846,0.833,12594.43,12065.69,106.34,161.03,-528.74
Random Forest,Cost-sensitive SMOTE,0.999,0.999,0.75,0.77,0.9999,0.9999,0.841,0.832,9941.71,12013.26,223.22,158.67,2071.55
Random Forest,Cost-sensitive SMOTE-ENN,0.999,0.999,0.757,0.784,0.9998,0.9997,0.815,0.797,11465.27,12333.46,196.22,118.28,868.19
Random Forest,Cost-sensitive SMOTE-Tomek,0.999,0.999,0.75,0.777,0.9999,0.9999,0.841,0.836,9941.71,12014.26,223.22,162.17,2072.55
Random Forest,SMOTE,0.999,0.999,0.797,0.784,0.9998,0.9998,0.834,0.835,12331.56,12333.46,148.88,151.7,1.9
Random Forest,SMOTE-ENN,0.999,0.999,0.811,0.77,0.9996,0.9998,0.805,0.82,11465.27,11752.39,191.81,151.19,287.12
Random Forest,SMOTE-Tomek,0.999,0.999,0.804,0.784,0.9998,0.9998,0.835,0.835,12332.56,12333.46,148.88,151.7,0.9
XGBoost,ADASYN,0.999,0.995,0.824,0.824,0.9996,0.9957,0.797,0.385,12681.11,11103.67,107.53,21.1,-1577.44
XGBoost,Borderline-SMOTE,0.999,0.999,0.797,0.797,0.9997,0.9996,0.817,0.784,12471.07,12194.15,129.51,109.5,-276.92
XGBoost,Cost-sensitive ADASYN,0.999,0.998,0.777,0.804,0.9999,0.9987,0.855,0.628,12147.08,12891.31,183.87,45.54,744.23
XGBoost,Cost-sensitive Borderline-SMOTE,0.999,0.999,0.77,0.791,0.9999,0.9996,0.841,0.788,12146.08,12191.18,166.86,113.03,45.1
XGBoost,Cost-sensitive SMOTE,0.999,0.998,0.777,0.804,0.9999,0.9987,0.849,0.628,12147.08,12891.31,174.95,45.54,744.23
XGBoost,Cost-sensitive SMOTE-ENN,0.999,0.998,0.784,0.811,0.9998,0.9986,0.817,0.619,12980.1,12596.65,70.12,45.37,-383.45
XGBoost,Cost-sensitive SMOTE-Tomek,0.999,0.998,0.777,0.797,0.9999,0.9987,0.849,0.631,12147.08,12832.31,174.95,46.95,685.23
XGBoost,SMOTE,0.999,0.997,0.831,0.838,0.9996,0.9976,0.807,0.523,12778.31,13343.36,111.31,26.41,565.05
XGBoost,SMOTE-ENN,0.999,0.997,0.824,0.838,0.9994,0.9977,0.77,0.53,12433.85,13343.36,132.65,27.13,909.51
XGBoost,SMOTE-Tomek,0.999,0.997,0.824,0.838,0.9996,0.9976,0.805,0.523,12777.31,13343.36,111.31,26.41,566.05
